genotype,code,measured,stele_diameter_mean
MEMA261,1,True,101.1767638930928
MEMA145,1,True,102.734373468784
MEMA124,1,True,110.14014326253464
MEMA042,1,True,111.13266069912908
MEMA253,1,True,114.13007631447634
MEMA025,1,True,115.54518668885753
MEMA227,1,True,117.3950769488478
MEMA368,1,True,117.79574554331062
MEMA265,1,True,118.01167391758494
MEMA350,1,True,118.47494318716204
MEMA055,1,True,118.57946041028212
MEMA289,1,True,118.91867089358404
MEMA153,1,True,119.29300262256324
MEMA184,1,True,119.5669573742726
MEMA080,1,True,121.42571318554964
MEMA076,1,True,121.7972137532923
MEMA237,1,True,121.82394083861544
MEMA344,1,True,121.85965705626782
MEMA059,1,False,
MEMA067,1,False,
MEMA071,1,False,
MEMA139,1,False,
MEMA161,1,False,
MEMA191,1,False,
MEMA207,1,False,
MEMA211,1,False,
MEMA242,1,False,
MEMA248,1,False,
MEMA251,1,False,
MEMA252,1,False,
MEMA306,2,True,121.95854195412592
MEMA144,2,True,122.29462688561398
MEMA149,2,True,122.77232086145742
MEMA229,2,True,122.8224182395949
MEMA230,2,True,123.48013844741553
MEMA046,2,True,124.23173676382768
MEMA129,2,True,124.47196529803269
MEMA125,2,True,124.93098402062373
MEMA346,2,True,124.98468604532512
MEMA228,2,True,125.51013119737298
MEMA150,2,True,125.52820753811832
MEMA060,2,True,125.61827647296508
MEMA156,2,True,125.79879321779129
MEMA318,2,True,125.86168946837611
MEMA050,2,True,125.88959226821451
MEMA157,2,True,125.95671389206788
MEMA178,2,True,126.27095137025007
MEMA074,2,False,
MEMA180,2,False,
MEMA216,3,True,127.03532054470908
MEMA107,3,True,127.04585402990207
MEMA176,3,True,127.0544175353993
MEMA132,3,True,127.29818199643556
MEMA110,3,True,127.51442878301953
MEMA019,3,True,127.70437157258657
MEMA244,3,True,127.8115150658574
MEMA278,3,True,127.84511647103264
MEMA147,3,True,128.38803870214426
MEMA078,3,True,128.41377620647452
MEMA371,3,True,128.428697774431
MEMA166,3,True,128.46470484373245
MEMA347,3,True,128.47801034442267
MEMA034,3,True,128.5769348464279
MEMA319,3,True,128.62356554842142
MEMA259,3,True,129.26132914071752
MEMA098,3,True,129.38862082094371
MEMA018,3,False,
MEMA056,3,False,
MEMA131,3,False,
MEMA215,3,False,
MEMA263,3,False,
MEMA262,4,True,129.47444579908046
MEMA233,4,True,129.50063542205248
MEMA221,4,True,129.60550624882927
MEMA021,4,True,129.82716989898992
MEMA081,4,True,129.91321836406527
MEMA309,4,True,129.9857253306034
MEMA084,4,True,130.37819799257977
MEMA097,4,True,130.74903466980908
MEMA026,4,True,131.07077777599136
MEMA032,4,True,131.1788456316998
MEMA315,4,True,131.3935560185491
MEMA168,4,True,131.41216060783967
MEMA119,4,True,131.5133941968637
MEMA270,4,True,131.79285714009345
MEMA170,4,True,131.8921867896337
MEMA290,4,True,132.19819379653993
MEMA310,4,True,132.38689356774108
MEMA143,4,False,
MEMA224,4,False,
MEMA225,4,False,
MEMA234,4,False,
MEMA274,4,False,
MEMA280,4,False,
MEMA302,4,False,
MEMA041,5,True,132.43934951692302
MEMA296,5,True,132.6836995047309
MEMA062,5,True,132.9324913175514
MEMA352,5,True,132.94266958506674
MEMA033,5,True,133.18536308642064
MEMA092,5,True,133.2862064192872
MEMA340,5,True,133.45696098929463
MEMA126,5,True,133.62447986475402
MEMA298,5,True,133.9512845330076
MEMA239,5,True,133.97530203333443
MEMA308,5,True,133.98872454066608
MEMA043,5,True,134.061363057178
MEMA303,5,True,134.0634983434147
MEMA359,5,True,134.07461479048675
MEMA073,5,True,134.09047268357102
MEMA205,5,True,134.59031552924029
MEMA061,5,True,134.65642798777927
MEMA017,5,False,
MEMA090,5,False,
MEMA091,5,False,
MEMA108,5,False,
MEMA109,5,False,
MEMA154,5,False,
MEMA210,5,False,
MEMA256,5,False,
MEMA268,5,False,
MEMA172,6,True,134.71136401266966
MEMA106,6,True,134.80833324081894
MEMA304,6,True,135.36442766426038
MEMA155,6,True,135.38840079286038
MEMA199,6,True,135.49804649874284
MEMA314,6,True,135.5291581398843
MEMA105,6,True,135.8072121073868
MEMA068,6,True,136.18991257784458
MEMA240,6,True,136.46380206173356
MEMA040,6,True,136.52788657941292
MEMA312,6,True,136.53216251443493
MEMA146,6,True,136.67660977057156
MEMA223,6,True,136.9149734654835
MEMA047,6,True,136.93767976191606
MEMA367,6,True,137.10181441333694
MEMA356,6,True,137.30814958972428
MEMA299,6,True,137.50367437618922
MEMA006,6,False,
MEMA087,6,False,
MEMA095,6,False,
MEMA104,6,False,
MEMA137,6,False,
MEMA174,6,False,
MEMA254,6,False,
MEMA258,6,False,
MEMA305,6,False,
MEMA316,6,False,
MEMA341,6,False,
MEMA358,6,False,
MEMA332,7,True,137.74180991867803
MEMA171,7,True,138.26697196041982
MEMA236,7,True,138.52543608604427
MEMA072,7,True,138.57480631377535
MEMA054,7,True,138.68254155221507
MEMA203,7,True,139.19209858299698
MEMA292,7,True,139.2153954496943
MEMA317,7,True,139.3096951623072
MEMA193,7,True,139.4822624105512
MEMA284,7,True,140.03057537089933
MEMA127,7,True,140.19049411308643
MEMA085,7,True,140.1945589298223
MEMA260,7,True,141.06206001964787
MEMA245,7,True,141.10605940415343
MEMA329,7,True,141.3389157625112
MEMA181,7,True,141.71835113309643
MEMA045,7,True,141.83431872743935
MEMA004,7,False,
MEMA079,7,False,
MEMA133,7,False,
MEMA148,7,False,
MEMA163,7,False,
MEMA175,7,False,
MEMA206,7,False,
MEMA273,7,False,
MEMA291,7,False,
MEMA328,7,False,
MEMA020,8,True,142.23865220204863
MEMA345,8,True,142.48663297957418
MEMA116,8,True,142.60569447097794
MEMA049,8,True,142.72640092096833
MEMA283,8,True,143.0870145847827
MEMA208,8,True,143.26549795109224
MEMA064,8,True,143.27513222225903
MEMA370,8,True,143.28559151726483
MEMA214,8,True,143.76860181118218
MEMA288,8,True,144.03530350397605
MEMA128,8,True,145.0544751767966
MEMA282,8,True,145.1176868004083
MEMA057,8,True,147.0675701499844
MEMA267,8,True,147.14294608654237
MEMA249,8,True,147.48265407748764
MEMA024,8,True,147.6008343365732
MEMA162,8,True,156.14187707397633
MEMA089,8,False,
MEMA093,8,False,
MEMA114,8,False,
MEMA281,8,False,
MEMA297,8,False,
MEMA307,8,False,
